No.,Length,StNum,SqNum,Boolean,hour,minute,second,microsecond,Source_eth1,Source_eth2,Source_eth3,Source_eth4,Source_eth5,Source_eth6,Destination_eth1,Destination_eth2,Destination_eth3,Destination_eth4,Destination_eth5,Destination_eth6,protocol,frame_number,frame_length,dnp3_length,dfc_bit,link_src,link_dst,FIR,FIN,SEQ,iin_device_restart,iin_device_trouble,iin_digital_outputs_in_local,iin_time_sync_required,iin_class3_data_available,iin_class2_data_available,iin_class1_data_available,iin_broadcast_msg_rx,iin_configuration_corrupt,iin_operation_already_executing,iin_event_buffer_overflow,iin_parameters_invalid_or_out_of_range,iin_requested_objects_unknown,iin_function_code_not_implemented,source_port,source_ip1,source_ip2,source_ip3,source_ip4,destination_port,destination_ip1,destination_ip2,destination_ip3,destination_ip4,primary_func_1,primary_func_4,primary_func_14,primary_func_15,function_0,function_1,function_2,function_3,function_4,function_5,function_6,function_7,function_8,function_9,function_10,function_11,function_12,function_13,function_14,function_129,function_130
91,1,514,135,FALSE,11,18,0,212923,0,30,a7,15,ab,f9,1,0c,cd,1,0,10,GOOSE,,,,,,,,,,,,,,,,,,,,,,,,,,,,,,,,,,,,,,,,,,,,,,,,,,,,,,
,,,,,11,18,0,816002,,,,,,,,,,,,,DNP3,491,0.098901099,0.111111111,0,70,72,1,1,17,0,0,0,0,0,0,0,0,0,0,0,0,0,0,44100,192,168,1,70,20000,192,168,1,72,0,1,0,0,0,1,0,0,0,0,0,0,0,0,0,0,0,0,0,0,0
,,,,,11,18,0,826565,,,,,,,,,,,,,DNP3,493,0.021978022,0.024691358,0,72,70,1,1,52,0,0,0,0,0,0,0,0,0,0,0,0,0,0,20000,192,168,1,72,44100,192,168,1,70,0,1,0,0,0,0,0,0,0,0,0,0,0,0,0,0,0,0,0,1,0
92,0,15,1272228,FALSE,11,18,0,915565,0,30,a7,38,43,96,1,0c,cd,1,0,12,GOOSE,,,,,,,,,,,,,,,,,,,,,,,,,,,,,,,,,,,,,,,,,,,,,,,,,,,,,,
98,0.954545455,514,136,FALSE,11,18,1,213734,0,30,a7,15,ab,f9,1,0c,cd,1,0,10,GOOSE,,,,,,,,,,,,,,,,,,,,,,,,,,,,,,,,,,,,,,,,,,,,,,,,,,,,,,
99,0,15,1272229,FALSE,11,18,1,917581,0,30,a7,38,43,96,1,0c,cd,1,0,12,GOOSE,,,,,,,,,,,,,,,,,,,,,,,,,,,,,,,,,,,,,,,,,,,,,,,,,,,,,,
100,0.954545455,514,137,FALSE,11,18,2,213331,0,30,a7,15,ab,f9,1,0c,cd,1,0,10,GOOSE,,,,,,,,,,,,,,,,,,,,,,,,,,,,,,,,,,,,,,,,,,,,,,,,,,,,,,
,,,,,11,18,2,828987,,,,,,,,,,,,,DNP3,501,0.098901099,0.111111111,0,70,72,1,1,18,0,0,0,0,0,0,0,0,0,0,0,0,0,0,44100,192,168,1,70,20000,192,168,1,72,0,1,0,0,0,1,0,0,0,0,0,0,0,0,0,0,0,0,0,0,0
,,,,,11,18,2,847545,,,,,,,,,,,,,DNP3,503,0.021978022,0.024691358,0,72,70,1,1,53,0,0,0,0,0,0,0,0,0,0,0,0,0,0,20000,192,168,1,72,44100,192,168,1,70,0,1,0,0,0,0,0,0,0,0,0,0,0,0,0,0,0,0,0,1,0
101,0,15,1272230,FALSE,11,18,2,920245,0,30,a7,38,43,96,1,0c,cd,1,0,12,GOOSE,,,,,,,,,,,,,,,,,,,,,,,,,,,,,,,,,,,,,,,,,,,,,,,,,,,,,,
102,0.954545455,514,138,FALSE,11,18,3,213734,0,30,a7,15,ab,f9,1,0c,cd,1,0,10,GOOSE,,,,,,,,,,,,,,,,,,,,,,,,,,,,,,,,,,,,,,,,,,,,,,,,,,,,,,
103,0,15,1272231,FALSE,11,18,3,924885,0,30,a7,38,43,96,1,0c,cd,1,0,12,GOOSE,,,,,,,,,,,,,,,,,,,,,,,,,,,,,,,,,,,,,,,,,,,,,,,,,,,,,,
104,0.954545455,514,139,FALSE,11,18,4,217509,0,30,a7,15,ab,f9,1,0c,cd,1,0,10,GOOSE,,,,,,,,,,,,,,,,,,,,,,,,,,,,,,,,,,,,,,,,,,,,,,,,,,,,,,
,,,,,11,18,4,842060,,,,,,,,,,,,,DNP3,511,0.098901099,0.111111111,0,70,72,1,1,19,0,0,0,0,0,0,0,0,0,0,0,0,0,0,44100,192,168,1,70,20000,192,168,1,72,0,1,0,0,0,1,0,0,0,0,0,0,0,0,0,0,0,0,0,0,0
,,,,,11,18,4,845035,,,,,,,,,,,,,DNP3,513,0.021978022,0.024691358,0,72,70,1,1,54,0,0,0,0,0,0,0,0,0,0,0,0,0,0,20000,192,168,1,72,44100,192,168,1,70,0,1,0,0,0,0,0,0,0,0,0,0,0,0,0,0,0,0,0,1,0
105,0,15,1272232,FALSE,11,18,4,928585,0,30,a7,38,43,96,1,0c,cd,1,0,12,GOOSE,,,,,,,,,,,,,,,,,,,,,,,,,,,,,,,,,,,,,,,,,,,,,,,,,,,,,,
106,0.954545455,514,140,FALSE,11,18,5,221612,0,30,a7,15,ab,f9,1,0c,cd,1,0,10,GOOSE,,,,,,,,,,,,,,,,,,,,,,,,,,,,,,,,,,,,,,,,,,,,,,,,,,,,,,
107,0,15,1272233,FALSE,11,18,5,933118,0,30,a7,38,43,96,1,0c,cd,1,0,12,GOOSE,,,,,,,,,,,,,,,,,,,,,,,,,,,,,,,,,,,,,,,,,,,,,,,,,,,,,,
108,0.954545455,514,141,FALSE,11,18,6,221732,0,30,a7,15,ab,f9,1,0c,cd,1,0,10,GOOSE,,,,,,,,,,,,,,,,,,,,,,,,,,,,,,,,,,,,,,,,,,,,,,,,,,,,,,
,,,,,11,18,6,855005,,,,,,,,,,,,,DNP3,521,0.098901099,0.111111111,0,70,72,1,1,20,0,0,0,0,0,0,0,0,0,0,0,0,0,0,44100,192,168,1,70,20000,192,168,1,72,0,1,0,0,0,1,0,0,0,0,0,0,0,0,0,0,0,0,0,0,0
,,,,,11,18,6,857896,,,,,,,,,,,,,DNP3,523,0.021978022,0.024691358,0,72,70,1,1,55,0,0,0,0,0,0,0,0,0,0,0,0,0,0,20000,192,168,1,72,44100,192,168,1,70,0,1,0,0,0,0,0,0,0,0,0,0,0,0,0,0,0,0,0,1,0
109,0,15,1272234,FALSE,11,18,6,936837,0,30,a7,38,43,96,1,0c,cd,1,0,12,GOOSE,,,,,,,,,,,,,,,,,,,,,,,,,,,,,,,,,,,,,,,,,,,,,,,,,,,,,,
110,0.954545455,514,142,FALSE,11,18,7,225775,0,30,a7,15,ab,f9,1,0c,cd,1,0,10,GOOSE,,,,,,,,,,,,,,,,,,,,,,,,,,,,,,,,,,,,,,,,,,,,,,,,,,,,,,
111,0,15,1272235,FALSE,11,18,7,941564,0,30,a7,38,43,96,1,0c,cd,1,0,12,GOOSE,,,,,,,,,,,,,,,,,,,,,,,,,,,,,,,,,,,,,,,,,,,,,,,,,,,,,,
112,0.954545455,514,143,FALSE,11,18,8,230003,0,30,a7,15,ab,f9,1,0c,cd,1,0,10,GOOSE,,,,,,,,,,,,,,,,,,,,,,,,,,,,,,,,,,,,,,,,,,,,,,,,,,,,,,
,,,,,11,18,8,868013,,,,,,,,,,,,,DNP3,529,0.098901099,0.111111111,0,70,72,1,1,21,0,0,0,0,0,0,0,0,0,0,0,0,0,0,44100,192,168,1,70,20000,192,168,1,72,0,1,0,0,0,1,0,0,0,0,0,0,0,0,0,0,0,0,0,0,0
,,,,,11,18,8,871396,,,,,,,,,,,,,DNP3,531,0.021978022,0.024691358,0,72,70,1,1,56,0,0,0,0,0,0,0,0,0,0,0,0,0,0,20000,192,168,1,72,44100,192,168,1,70,0,1,0,0,0,0,0,0,0,0,0,0,0,0,0,0,0,0,0,1,0
113,0,15,1272236,FALSE,11,18,8,944866,0,30,a7,38,43,96,1,0c,cd,1,0,12,GOOSE,,,,,,,,,,,,,,,,,,,,,,,,,,,,,,,,,,,,,,,,,,,,,,,,,,,,,,
114,0.954545455,514,144,FALSE,11,18,9,233866,0,30,a7,15,ab,f9,1,0c,cd,1,0,10,GOOSE,,,,,,,,,,,,,,,,,,,,,,,,,,,,,,,,,,,,,,,,,,,,,,,,,,,,,,
115,0.909090909,515,0,TRUE,11,18,9,775783,0,30,a7,15,ab,f9,1,0c,cd,1,0,10,GOOSE,,,,,,,,,,,,,,,,,,,,,,,,,,,,,,,,,,,,,,,,,,,,,,,,,,,,,,
116,0.909090909,515,1,TRUE,11,18,9,779891,0,30,a7,15,ab,f9,1,0c,cd,1,0,10,GOOSE,,,,,,,,,,,,,,,,,,,,,,,,,,,,,,,,,,,,,,,,,,,,,,,,,,,,,,
117,0.954545455,515,2,TRUE,11,18,9,784015,0,30,a7,15,ab,f9,1,0c,cd,1,0,10,GOOSE,,,,,,,,,,,,,,,,,,,,,,,,,,,,,,,,,,,,,,,,,,,,,,,,,,,,,,
118,0.954545455,515,3,TRUE,11,18,9,792740,0,30,a7,15,ab,f9,1,0c,cd,1,0,10,GOOSE,,,,,,,,,,,,,,,,,,,,,,,,,,,,,,,,,,,,,,,,,,,,,,,,,,,,,,
119,0,15,1272237,FALSE,11,18,9,945066,0,30,a7,38,43,96,1,0c,cd,1,0,12,GOOSE,,,,,,,,,,,,,,,,,,,,,,,,,,,,,,,,,,,,,,,,,,,,,,,,,,,,,,
120,0.954545455,515,4,TRUE,11,18,10,793088,0,30,a7,15,ab,f9,1,0c,cd,1,0,10,GOOSE,,,,,,,,,,,,,,,,,,,,,,,,,,,,,,,,,,,,,,,,,,,,,,,,,,,,,,
,,,,,11,18,10,881056,,,,,,,,,,,,,DNP3,539,0.098901099,0.111111111,0,70,72,1,1,22,0,0,0,0,0,0,0,0,0,0,0,0,0,0,44100,192,168,1,70,20000,192,168,1,72,0,1,0,0,0,1,0,0,0,0,0,0,0,0,0,0,0,0,0,0,0
,,,,,11,18,10,894343,,,,,,,,,,,,,DNP3,541,0.021978022,0.024691358,0,72,70,1,1,57,0,0,0,0,0,0,0,0,0,0,0,0,0,0,20000,192,168,1,72,44100,192,168,1,70,0,1,0,0,0,0,0,0,0,0,0,0,0,0,0,0,0,0,0,1,0
121,0,15,1272238,FALSE,11,18,10,949506,0,30,a7,38,43,96,1,0c,cd,1,0,12,GOOSE,,,,,,,,,,,,,,,,,,,,,,,,,,,,,,,,,,,,,,,,,,,,,,,,,,,,,,
122,0.954545455,515,5,TRUE,11,18,11,792855,0,30,a7,15,ab,f9,1,0c,cd,1,0,10,GOOSE,,,,,,,,,,,,,,,,,,,,,,,,,,,,,,,,,,,,,,,,,,,,,,,,,,,,,,
123,0,15,1272239,FALSE,11,18,11,953770,0,30,a7,38,43,96,1,0c,cd,1,0,12,GOOSE,,,,,,,,,,,,,,,,,,,,,,,,,,,,,,,,,,,,,,,,,,,,,,,,,,,,,,
124,0.954545455,515,6,TRUE,11,18,12,792956,0,30,a7,15,ab,f9,1,0c,cd,1,0,10,GOOSE,,,,,,,,,,,,,,,,,,,,,,,,,,,,,,,,,,,,,,,,,,,,,,,,,,,,,,
,,,,,11,18,12,894002,,,,,,,,,,,,,DNP3,549,0.098901099,0.111111111,0,70,72,1,1,23,0,0,0,0,0,0,0,0,0,0,0,0,0,0,44100,192,168,1,70,20000,192,168,1,72,0,1,0,0,0,1,0,0,0,0,0,0,0,0,0,0,0,0,0,0,0
,,,,,11,18,12,896804,,,,,,,,,,,,,DNP3,551,0.021978022,0.024691358,0,72,70,1,1,58,0,0,0,0,0,0,0,0,0,0,0,0,0,0,20000,192,168,1,72,44100,192,168,1,70,0,1,0,0,0,0,0,0,0,0,0,0,0,0,0,0,0,0,0,1,0
125,0,15,1272240,FALSE,11,18,12,957386,0,30,a7,38,43,96,1,0c,cd,1,0,12,GOOSE,,,,,,,,,,,,,,,,,,,,,,,,,,,,,,,,,,,,,,,,,,,,,,,,,,,,,,
126,0.954545455,515,7,TRUE,11,18,13,793080,0,30,a7,15,ab,f9,1,0c,cd,1,0,10,GOOSE,,,,,,,,,,,,,,,,,,,,,,,,,,,,,,,,,,,,,,,,,,,,,,,,,,,,,,
127,0,15,1272241,FALSE,11,18,13,961396,0,30,a7,38,43,96,1,0c,cd,1,0,12,GOOSE,,,,,,,,,,,,,,,,,,,,,,,,,,,,,,,,,,,,,,,,,,,,,,,,,,,,,,
128,0.954545455,515,8,TRUE,11,18,14,792920,0,30,a7,15,ab,f9,1,0c,cd,1,0,10,GOOSE,,,,,,,,,,,,,,,,,,,,,,,,,,,,,,,,,,,,,,,,,,,,,,,,,,,,,,
,,,,,11,18,14,906986,,,,,,,,,,,,,DNP3,559,0.098901099,0.111111111,0,70,72,1,1,24,0,0,0,0,0,0,0,0,0,0,0,0,0,0,44100,192,168,1,70,20000,192,168,1,72,0,1,0,0,0,1,0,0,0,0,0,0,0,0,0,0,0,0,0,0,0
,,,,,11,18,14,909972,,,,,,,,,,,,,DNP3,561,0.021978022,0.024691358,0,72,70,1,1,59,0,0,0,0,0,0,0,0,0,0,0,0,0,0,20000,192,168,1,72,44100,192,168,1,70,0,1,0,0,0,0,0,0,0,0,0,0,0,0,0,0,0,0,0,1,0
129,0,15,1272242,FALSE,11,18,14,965323,0,30,a7,38,43,96,1,0c,cd,1,0,12,GOOSE,,,,,,,,,,,,,,,,,,,,,,,,,,,,,,,,,,,,,,,,,,,,,,,,,,,,,,
130,0.954545455,515,9,TRUE,11,18,15,793209,0,30,a7,15,ab,f9,1,0c,cd,1,0,10,GOOSE,,,,,,,,,,,,,,,,,,,,,,,,,,,,,,,,,,,,,,,,,,,,,,,,,,,,,,
131,0,15,1272243,FALSE,11,18,15,969741,0,30,a7,38,43,96,1,0c,cd,1,0,12,GOOSE,,,,,,,,,,,,,,,,,,,,,,,,,,,,,,,,,,,,,,,,,,,,,,,,,,,,,,
132,0.954545455,515,10,TRUE,11,18,16,792931,0,30,a7,15,ab,f9,1,0c,cd,1,0,10,GOOSE,,,,,,,,,,,,,,,,,,,,,,,,,,,,,,,,,,,,,,,,,,,,,,,,,,,,,,
,,,,,11,18,16,919999,,,,,,,,,,,,,DNP3,569,0.098901099,0.111111111,0,70,72,1,1,25,0,0,0,0,0,0,0,0,0,0,0,0,0,0,44100,192,168,1,70,20000,192,168,1,72,0,1,0,0,0,1,0,0,0,0,0,0,0,0,0,0,0,0,0,0,0
,,,,,11,18,16,922820,,,,,,,,,,,,,DNP3,571,0.021978022,0.024691358,0,72,70,1,1,60,0,0,0,0,0,0,0,0,0,0,0,0,0,0,20000,192,168,1,72,44100,192,168,1,70,0,1,0,0,0,0,0,0,0,0,0,0,0,0,0,0,0,0,0,1,0
133,0,15,1272244,FALSE,11,18,16,969353,0,30,a7,38,43,96,1,0c,cd,1,0,12,GOOSE,,,,,,,,,,,,,,,,,,,,,,,,,,,,,,,,,,,,,,,,,,,,,,,,,,,,,,
134,0.954545455,515,11,TRUE,11,18,17,793253,0,30,a7,15,ab,f9,1,0c,cd,1,0,10,GOOSE,,,,,,,,,,,,,,,,,,,,,,,,,,,,,,,,,,,,,,,,,,,,,,,,,,,,,,
135,0,15,1272245,FALSE,11,18,17,973790,0,30,a7,38,43,96,1,0c,cd,1,0,12,GOOSE,,,,,,,,,,,,,,,,,,,,,,,,,,,,,,,,,,,,,,,,,,,,,,,,,,,,,,
,,,,,11,18,18,405097,,,,,,,,,,,,,DNP3,579,0.131868132,0.148148148,0,70,72,1,1,26,0,0,0,0,0,0,0,0,0,0,0,0,0,0,44100,192,168,1,70,20000,192,168,1,72,0,1,0,0,0,1,0,0,0,0,0,0,0,0,0,0,0,0,0,0,0
,,,,,11,18,18,409157,,,,,,,,,,,,,DNP3,581,1,1,0,72,70,1,1,61,0,0,0,0,0,0,0,0,0,0,0,0,0,0,20000,192,168,1,72,44100,192,168,1,70,0,1,0,0,0,0,0,0,0,0,0,0,0,0,0,0,0,0,0,1,0
136,0.954545455,515,12,TRUE,11,18,18,792964,0,30,a7,15,ab,f9,1,0c,cd,1,0,10,GOOSE,,,,,,,,,,,,,,,,,,,,,,,,,,,,,,,,,,,,,,,,,,,,,,,,,,,,,,
,,,,,11,18,18,933044,,,,,,,,,,,,,DNP3,587,0.098901099,0.111111111,0,70,72,1,1,27,0,0,0,0,0,0,0,0,0,0,0,0,0,0,44100,192,168,1,70,20000,192,168,1,72,0,1,0,0,0,1,0,0,0,0,0,0,0,0,0,0,0,0,0,0,0
,,,,,11,18,18,936384,,,,,,,,,,,,,DNP3,589,0.021978022,0.024691358,0,72,70,1,1,62,0,0,0,0,0,0,0,0,0,0,0,0,0,0,20000,192,168,1,72,44100,192,168,1,70,0,1,0,0,0,0,0,0,0,0,0,0,0,0,0,0,0,0,0,1,0
137,0,15,1272246,FALSE,11,18,18,977578,0,30,a7,38,43,96,1,0c,cd,1,0,12,GOOSE,,,,,,,,,,,,,,,,,,,,,,,,,,,,,,,,,,,,,,,,,,,,,,,,,,,,,,
138,0.954545455,515,13,TRUE,11,18,19,793063,0,30,a7,15,ab,f9,1,0c,cd,1,0,10,GOOSE,,,,,,,,,,,,,,,,,,,,,,,,,,,,,,,,,,,,,,,,,,,,,,,,,,,,,,
139,0,15,1272247,FALSE,11,18,19,981877,0,30,a7,38,43,96,1,0c,cd,1,0,12,GOOSE,,,,,,,,,,,,,,,,,,,,,,,,,,,,,,,,,,,,,,,,,,,,,,,,,,,,,,
140,0.954545455,515,14,TRUE,11,18,20,793139,0,30,a7,15,ab,f9,1,0c,cd,1,0,10,GOOSE,,,,,,,,,,,,,,,,,,,,,,,,,,,,,,,,,,,,,,,,,,,,,,,,,,,,,,
,,,,,11,18,20,946037,,,,,,,,,,,,,DNP3,597,0.098901099,0.111111111,0,70,72,1,1,28,0,0,0,0,0,0,0,0,0,0,0,0,0,0,44100,192,168,1,70,20000,192,168,1,72,0,1,0,0,0,1,0,0,0,0,0,0,0,0,0,0,0,0,0,0,0
,,,,,11,18,20,957912,,,,,,,,,,,,,DNP3,599,0.021978022,0.024691358,0,72,70,1,1,63,0,0,0,0,0,0,0,0,0,0,0,0,0,0,20000,192,168,1,72,44100,192,168,1,70,0,1,0,0,0,0,0,0,0,0,0,0,0,0,0,0,0,0,0,1,0
141,0,15,1272248,FALSE,11,18,20,985856,0,30,a7,38,43,96,1,0c,cd,1,0,12,GOOSE,,,,,,,,,,,,,,,,,,,,,,,,,,,,,,,,,,,,,,,,,,,,,,,,,,,,,,
142,0.954545455,515,15,TRUE,11,18,21,793431,0,30,a7,15,ab,f9,1,0c,cd,1,0,10,GOOSE,,,,,,,,,,,,,,,,,,,,,,,,,,,,,,,,,,,,,,,,,,,,,,,,,,,,,,
143,0,15,1272249,FALSE,11,18,21,989908,0,30,a7,38,43,96,1,0c,cd,1,0,12,GOOSE,,,,,,,,,,,,,,,,,,,,,,,,,,,,,,,,,,,,,,,,,,,,,,,,,,,,,,
144,0.954545455,515,16,TRUE,11,18,22,793733,0,30,a7,15,ab,f9,1,0c,cd,1,0,10,GOOSE,,,,,,,,,,,,,,,,,,,,,,,,,,,,,,,,,,,,,,,,,,,,,,,,,,,,,,
,,,,,11,18,22,959034,,,,,,,,,,,,,DNP3,607,0.098901099,0.111111111,0,70,72,1,1,29,0,0,0,0,0,0,0,0,0,0,0,0,0,0,44100,192,168,1,70,20000,192,168,1,72,0,1,0,0,0,1,0,0,0,0,0,0,0,0,0,0,0,0,0,0,0
,,,,,11,18,22,969585,,,,,,,,,,,,,DNP3,609,0.021978022,0.024691358,0,72,70,1,1,0,0,0,0,0,0,0,0,0,0,0,0,0,0,0,20000,192,168,1,72,44100,192,168,1,70,0,1,0,0,0,0,0,0,0,0,0,0,0,0,0,0,0,0,0,1,0
145,0,15,1272250,FALSE,11,18,22,994268,0,30,a7,38,43,96,1,0c,cd,1,0,12,GOOSE,,,,,,,,,,,,,,,,,,,,,,,,,,,,,,,,,,,,,,,,,,,,,,,,,,,,,,
146,0.954545455,515,17,TRUE,11,18,23,793750,0,30,a7,15,ab,f9,1,0c,cd,1,0,10,GOOSE,,,,,,,,,,,,,,,,,,,,,,,,,,,,,,,,,,,,,,,,,,,,,,,,,,,,,,
147,0,15,1272251,FALSE,11,18,23,998102,0,30,a7,38,43,96,1,0c,cd,1,0,12,GOOSE,,,,,,,,,,,,,,,,,,,,,,,,,,,,,,,,,,,,,,,,,,,,,,,,,,,,,,
148,0.954545455,515,18,TRUE,11,18,24,793792,0,30,a7,15,ab,f9,1,0c,cd,1,0,10,GOOSE,,,,,,,,,,,,,,,,,,,,,,,,,,,,,,,,,,,,,,,,,,,,,,,,,,,,,,
,,,,,11,18,24,972040,,,,,,,,,,,,,DNP3,617,0.098901099,0.111111111,0,70,72,1,1,30,0,0,0,0,0,0,0,0,0,0,0,0,0,0,44100,192,168,1,70,20000,192,168,1,72,0,1,0,0,0,1,0,0,0,0,0,0,0,0,0,0,0,0,0,0,0
,,,,,11,18,24,986012,,,,,,,,,,,,,DNP3,619,0.021978022,0.024691358,0,72,70,1,1,1,0,0,0,0,0,0,0,0,0,0,0,0,0,0,20000,192,168,1,72,44100,192,168,1,70,0,1,0,0,0,0,0,0,0,0,0,0,0,0,0,0,0,0,0,1,0
149,0,15,1272252,FALSE,11,18,24,998285,0,30,a7,38,43,96,1,0c,cd,1,0,12,GOOSE,,,,,,,,,,,,,,,,,,,,,,,,,,,,,,,,,,,,,,,,,,,,,,,,,,,,,,
150,0.954545455,515,19,TRUE,11,18,25,793786,0,30,a7,15,ab,f9,1,0c,cd,1,0,10,GOOSE,,,,,,,,,,,,,,,,,,,,,,,,,,,,,,,,,,,,,,,,,,,,,,,,,,,,,,
151,0,15,1272253,FALSE,11,18,26,2177,0,30,a7,38,43,96,1,0c,cd,1,0,12,GOOSE,,,,,,,,,,,,,,,,,,,,,,,,,,,,,,,,,,,,,,,,,,,,,,,,,,,,,,
152,0.954545455,515,20,TRUE,11,18,26,793771,0,30,a7,15,ab,f9,1,0c,cd,1,0,10,GOOSE,,,,,,,,,,,,,,,,,,,,,,,,,,,,,,,,,,,,,,,,,,,,,,,,,,,,,,
,,,,,11,18,26,985040,,,,,,,,,,,,,DNP3,627,0.098901099,0.111111111,0,70,72,1,1,31,0,0,0,0,0,0,0,0,0,0,0,0,0,0,44100,192,168,1,70,20000,192,168,1,72,0,1,0,0,0,1,0,0,0,0,0,0,0,0,0,0,0,0,0,0,0
,,,,,11,18,26,995149,,,,,,,,,,,,,DNP3,629,0.021978022,0.024691358,0,72,70,1,1,2,0,0,0,0,0,0,0,0,0,0,0,0,0,0,20000,192,168,1,72,44100,192,168,1,70,0,1,0,0,0,0,0,0,0,0,0,0,0,0,0,0,0,0,0,1,0
153,0,15,1272254,FALSE,11,18,27,6439,0,30,a7,38,43,96,1,0c,cd,1,0,12,GOOSE,,,,,,,,,,,,,,,,,,,,,,,,,,,,,,,,,,,,,,,,,,,,,,,,,,,,,,
154,0.954545455,515,21,TRUE,11,18,27,794095,0,30,a7,15,ab,f9,1,0c,cd,1,0,10,GOOSE,,,,,,,,,,,,,,,,,,,,,,,,,,,,,,,,,,,,,,,,,,,,,,,,,,,,,,
155,0,15,1272255,FALSE,11,18,28,10595,0,30,a7,38,43,96,1,0c,cd,1,0,12,GOOSE,,,,,,,,,,,,,,,,,,,,,,,,,,,,,,,,,,,,,,,,,,,,,,,,,,,,,,
156,0.954545455,515,22,TRUE,11,18,28,793988,0,30,a7,15,ab,f9,1,0c,cd,1,0,10,GOOSE,,,,,,,,,,,,,,,,,,,,,,,,,,,,,,,,,,,,,,,,,,,,,,,,,,,,,,
,,,,,11,18,28,998112,,,,,,,,,,,,,DNP3,637,0.098901099,0.111111111,0,70,72,1,1,32,0,0,0,0,0,0,0,0,0,0,0,0,0,0,44100,192,168,1,70,20000,192,168,1,72,0,1,0,0,0,1,0,0,0,0,0,0,0,0,0,0,0,0,0,0,0
,,,,,11,18,29,10051,,,,,,,,,,,,,DNP3,639,0.021978022,0.024691358,0,72,70,1,1,3,0,0,0,0,0,0,0,0,0,0,0,0,0,0,20000,192,168,1,72,44100,192,168,1,70,0,1,0,0,0,0,0,0,0,0,0,0,0,0,0,0,0,0,0,1,0
157,0,15,1272256,FALSE,11,18,29,14559,0,30,a7,38,43,96,1,0c,cd,1,0,12,GOOSE,,,,,,,,,,,,,,,,,,,,,,,,,,,,,,,,,,,,,,,,,,,,,,,,,,,,,,
158,0.954545455,515,23,TRUE,11,18,29,793993,0,30,a7,15,ab,f9,1,0c,cd,1,0,10,GOOSE,,,,,,,,,,,,,,,,,,,,,,,,,,,,,,,,,,,,,,,,,,,,,,,,,,,,,,
159,0,15,1272257,FALSE,11,18,30,19082,0,30,a7,38,43,96,1,0c,cd,1,0,12,GOOSE,,,,,,,,,,,,,,,,,,,,,,,,,,,,,,,,,,,,,,,,,,,,,,,,,,,,,,
160,0.954545455,515,24,TRUE,11,18,30,794173,0,30,a7,15,ab,f9,1,0c,cd,1,0,10,GOOSE,,,,,,,,,,,,,,,,,,,,,,,,,,,,,,,,,,,,,,,,,,,,,,,,,,,,,,
,,,,,11,18,31,11012,,,,,,,,,,,,,DNP3,647,0.098901099,0.111111111,0,70,72,1,1,33,0,0,0,0,0,0,0,0,0,0,0,0,0,0,44100,192,168,1,70,20000,192,168,1,72,0,1,0,0,0,1,0,0,0,0,0,0,0,0,0,0,0,0,0,0,0
,,,,,11,18,31,14108,,,,,,,,,,,,,DNP3,649,0.021978022,0.024691358,0,72,70,1,1,4,0,0,0,0,0,0,0,0,0,0,0,0,0,0,20000,192,168,1,72,44100,192,168,1,70,0,1,0,0,0,0,0,0,0,0,0,0,0,0,0,0,0,0,0,1,0
161,0,15,1272258,FALSE,11,18,31,23232,0,30,a7,38,43,96,1,0c,cd,1,0,12,GOOSE,,,,,,,,,,,,,,,,,,,,,,,,,,,,,,,,,,,,,,,,,,,,,,,,,,,,,,
162,0.954545455,515,25,TRUE,11,18,31,794330,0,30,a7,15,ab,f9,1,0c,cd,1,0,10,GOOSE,,,,,,,,,,,,,,,,,,,,,,,,,,,,,,,,,,,,,,,,,,,,,,,,,,,,,,
163,0,15,1272259,FALSE,11,18,32,26902,0,30,a7,38,43,96,1,0c,cd,1,0,12,GOOSE,,,,,,,,,,,,,,,,,,,,,,,,,,,,,,,,,,,,,,,,,,,,,,,,,,,,,,
164,0.954545455,515,26,TRUE,11,18,32,794576,0,30,a7,15,ab,f9,1,0c,cd,1,0,10,GOOSE,,,,,,,,,,,,,,,,,,,,,,,,,,,,,,,,,,,,,,,,,,,,,,,,,,,,,,
,,,,,11,18,33,24126,,,,,,,,,,,,,DNP3,657,0.098901099,0.111111111,0,70,72,1,1,34,0,0,0,0,0,0,0,0,0,0,0,0,0,0,44100,192,168,1,70,20000,192,168,1,72,0,1,0,0,0,1,0,0,0,0,0,0,0,0,0,0,0,0,0,0,0
165,0,15,1272260,FALSE,11,18,33,27069,0,30,a7,38,43,96,1,0c,cd,1,0,12,GOOSE,,,,,,,,,,,,,,,,,,,,,,,,,,,,,,,,,,,,,,,,,,,,,,,,,,,,,,
,,,,,11,18,33,40324,,,,,,,,,,,,,DNP3,659,0.021978022,0.024691358,0,72,70,1,1,5,0,0,0,0,0,0,0,0,0,0,0,0,0,0,20000,192,168,1,72,44100,192,168,1,70,0,1,0,0,0,0,0,0,0,0,0,0,0,0,0,0,0,0,0,1,0
166,0.954545455,515,27,TRUE,11,18,33,794433,0,30,a7,15,ab,f9,1,0c,cd,1,0,10,GOOSE,,,,,,,,,,,,,,,,,,,,,,,,,,,,,,,,,,,,,,,,,,,,,,,,,,,,,,
167,0,15,1272261,FALSE,11,18,34,30824,0,30,a7,38,43,96,1,0c,cd,1,0,12,GOOSE,,,,,,,,,,,,,,,,,,,,,,,,,,,,,,,,,,,,,,,,,,,,,,,,,,,,,,
168,0.954545455,515,28,TRUE,11,18,34,794490,0,30,a7,15,ab,f9,1,0c,cd,1,0,10,GOOSE,,,,,,,,,,,,,,,,,,,,,,,,,,,,,,,,,,,,,,,,,,,,,,,,,,,,,,
169,0,15,1272262,FALSE,11,18,35,34918,0,30,a7,38,43,96,1,0c,cd,1,0,12,GOOSE,,,,,,,,,,,,,,,,,,,,,,,,,,,,,,,,,,,,,,,,,,,,,,,,,,,,,,
,,,,,11,18,35,37094,,,,,,,,,,,,,DNP3,667,0.098901099,0.111111111,0,70,72,1,1,35,0,0,0,0,0,0,0,0,0,0,0,0,0,0,44100,192,168,1,70,20000,192,168,1,72,0,1,0,0,0,1,0,0,0,0,0,0,0,0,0,0,0,0,0,0,0
,,,,,11,18,35,53046,,,,,,,,,,,,,DNP3,669,0.021978022,0.024691358,0,72,70,1,1,6,0,0,0,0,0,0,0,0,0,0,0,0,0,0,20000,192,168,1,72,44100,192,168,1,70,0,1,0,0,0,0,0,0,0,0,0,0,0,0,0,0,0,0,0,1,0
170,0.954545455,515,29,TRUE,11,18,35,794641,0,30,a7,15,ab,f9,1,0c,cd,1,0,10,GOOSE,,,,,,,,,,,,,,,,,,,,,,,,,,,,,,,,,,,,,,,,,,,,,,,,,,,,,,
171,0,15,1272263,FALSE,11,18,36,39650,0,30,a7,38,43,96,1,0c,cd,1,0,12,GOOSE,,,,,,,,,,,,,,,,,,,,,,,,,,,,,,,,,,,,,,,,,,,,,,,,,,,,,,
172,0.954545455,515,30,TRUE,11,18,36,794700,0,30,a7,15,ab,f9,1,0c,cd,1,0,10,GOOSE,,,,,,,,,,,,,,,,,,,,,,,,,,,,,,,,,,,,,,,,,,,,,,,,,,,,,,
173,0,15,1272264,FALSE,11,18,37,43117,0,30,a7,38,43,96,1,0c,cd,1,0,12,GOOSE,,,,,,,,,,,,,,,,,,,,,,,,,,,,,,,,,,,,,,,,,,,,,,,,,,,,,,
,,,,,11,18,37,50065,,,,,,,,,,,,,DNP3,677,0.098901099,0.111111111,0,70,72,1,1,36,0,0,0,0,0,0,0,0,0,0,0,0,0,0,44100,192,168,1,70,20000,192,168,1,72,0,1,0,0,0,1,0,0,0,0,0,0,0,0,0,0,0,0,0,0,0
,,,,,11,18,37,61082,,,,,,,,,,,,,DNP3,679,0.021978022,0.024691358,0,72,70,1,1,7,0,0,0,0,0,0,0,0,0,0,0,0,0,0,20000,192,168,1,72,44100,192,168,1,70,0,1,0,0,0,0,0,0,0,0,0,0,0,0,0,0,0,0,0,1,0
174,0.954545455,515,31,TRUE,11,18,37,795115,0,30,a7,15,ab,f9,1,0c,cd,1,0,10,GOOSE,,,,,,,,,,,,,,,,,,,,,,,,,,,,,,,,,,,,,,,,,,,,,,,,,,,,,,
175,0,15,1272265,FALSE,11,18,38,47796,0,30,a7,38,43,96,1,0c,cd,1,0,12,GOOSE,,,,,,,,,,,,,,,,,,,,,,,,,,,,,,,,,,,,,,,,,,,,,,,,,,,,,,
176,0.954545455,515,32,TRUE,11,18,38,794886,0,30,a7,15,ab,f9,1,0c,cd,1,0,10,GOOSE,,,,,,,,,,,,,,,,,,,,,,,,,,,,,,,,,,,,,,,,,,,,,,,,,,,,,,
177,0,15,1272266,FALSE,11,18,39,51374,0,30,a7,38,43,96,1,0c,cd,1,0,12,GOOSE,,,,,,,,,,,,,,,,,,,,,,,,,,,,,,,,,,,,,,,,,,,,,,,,,,,,,,
,,,,,11,18,39,63154,,,,,,,,,,,,,DNP3,687,0.098901099,0.111111111,0,70,72,1,1,37,0,0,0,0,0,0,0,0,0,0,0,0,0,0,44100,192,168,1,70,20000,192,168,1,72,0,1,0,0,0,1,0,0,0,0,0,0,0,0,0,0,0,0,0,0,0
,,,,,11,18,39,72101,,,,,,,,,,,,,DNP3,689,0.021978022,0.024691358,0,72,70,1,1,8,0,0,0,0,0,0,0,0,0,0,0,0,0,0,20000,192,168,1,72,44100,192,168,1,70,0,1,0,0,0,0,0,0,0,0,0,0,0,0,0,0,0,0,0,1,0
178,0.954545455,515,33,TRUE,11,18,39,795017,0,30,a7,15,ab,f9,1,0c,cd,1,0,10,GOOSE,,,,,,,,,,,,,,,,,,,,,,,,,,,,,,,,,,,,,,,,,,,,,,,,,,,,,,
179,0,15,1272267,FALSE,11,18,40,56243,0,30,a7,38,43,96,1,0c,cd,1,0,12,GOOSE,,,,,,,,,,,,,,,,,,,,,,,,,,,,,,,,,,,,,,,,,,,,,,,,,,,,,,
180,0.954545455,515,34,TRUE,11,18,40,795145,0,30,a7,15,ab,f9,1,0c,cd,1,0,10,GOOSE,,,,,,,,,,,,,,,,,,,,,,,,,,,,,,,,,,,,,,,,,,,,,,,,,,,,,,
181,0,15,1272268,FALSE,11,18,41,55574,0,30,a7,38,43,96,1,0c,cd,1,0,12,GOOSE,,,,,,,,,,,,,,,,,,,,,,,,,,,,,,,,,,,,,,,,,,,,,,,,,,,,,,
,,,,,11,18,41,76124,,,,,,,,,,,,,DNP3,697,0.098901099,0.111111111,0,70,72,1,1,38,0,0,0,0,0,0,0,0,0,0,0,0,0,0,44100,192,168,1,70,20000,192,168,1,72,0,1,0,0,0,1,0,0,0,0,0,0,0,0,0,0,0,0,0,0,0
182,0.954545455,515,35,TRUE,11,18,41,795194,0,30,a7,15,ab,f9,1,0c,cd,1,0,10,GOOSE,,,,,,,,,,,,,,,,,,,,,,,,,,,,,,,,,,,,,,,,,,,,,,,,,,,,,,
,,,,,11,18,41,79722,,,,,,,,,,,,,DNP3,699,0.021978022,0.024691358,0,72,70,1,1,9,0,0,0,0,0,0,0,0,0,0,0,0,0,0,20000,192,168,1,72,44100,192,168,1,70,0,1,0,0,0,0,0,0,0,0,0,0,0,0,0,0,0,0,0,1,0
183,0,15,1272269,FALSE,11,18,42,59912,0,30,a7,38,43,96,1,0c,cd,1,0,12,GOOSE,,,,,,,,,,,,,,,,,,,,,,,,,,,,,,,,,,,,,,,,,,,,,,,,,,,,,,
184,0.954545455,515,36,TRUE,11,18,42,795546,0,30,a7,15,ab,f9,1,0c,cd,1,0,10,GOOSE,,,,,,,,,,,,,,,,,,,,,,,,,,,,,,,,,,,,,,,,,,,,,,,,,,,,,,
185,0,15,1272270,FALSE,11,18,43,63537,0,30,a7,38,43,96,1,0c,cd,1,0,12,GOOSE,,,,,,,,,,,,,,,,,,,,,,,,,,,,,,,,,,,,,,,,,,,,,,,,,,,,,,
186,0.954545455,515,37,TRUE,11,18,43,795440,0,30,a7,15,ab,f9,1,0c,cd,1,0,10,GOOSE,,,,,,,,,,,,,,,,,,,,,,,,,,,,,,,,,,,,,,,,,,,,,,,,,,,,,,
,,,,,11,18,43,89108,,,,,,,,,,,,,DNP3,707,0.098901099,0.111111111,0,70,72,1,1,39,0,0,0,0,0,0,0,0,0,0,0,0,0,0,44100,192,168,1,70,20000,192,168,1,72,0,1,0,0,0,1,0,0,0,0,0,0,0,0,0,0,0,0,0,0,0
,,,,,11,18,43,92304,,,,,,,,,,,,,DNP3,709,0.021978022,0.024691358,0,72,70,1,1,10,0,0,0,0,0,0,0,0,0,0,0,0,0,0,20000,192,168,1,72,44100,192,168,1,70,0,1,0,0,0,0,0,0,0,0,0,0,0,0,0,0,0,0,0,1,0
187,0,15,1272271,FALSE,11,18,44,68256,0,30,a7,38,43,96,1,0c,cd,1,0,12,GOOSE,,,,,,,,,,,,,,,,,,,,,,,,,,,,,,,,,,,,,,,,,,,,,,,,,,,,,,
188,0.954545455,515,38,TRUE,11,18,44,795563,0,30,a7,15,ab,f9,1,0c,cd,1,0,10,GOOSE,,,,,,,,,,,,,,,,,,,,,,,,,,,,,,,,,,,,,,,,,,,,,,,,,,,,,,
,,,,,11,18,45,102071,,,,,,,,,,,,,DNP3,717,0.098901099,0.111111111,0,70,72,1,1,40,0,0,0,0,0,0,0,0,0,0,0,0,0,0,44100,192,168,1,70,20000,192,168,1,72,0,1,0,0,0,1,0,0,0,0,0,0,0,0,0,0,0,0,0,0,0
,,,,,11,18,45,105178,,,,,,,,,,,,,DNP3,719,0.021978022,0.024691358,0,72,70,1,1,11,0,0,0,0,0,0,0,0,0,0,0,0,0,0,20000,192,168,1,72,44100,192,168,1,70,0,1,0,0,0,0,0,0,0,0,0,0,0,0,0,0,0,0,0,1,0
190,0.909090909,516,0,FALSE,11,18,45,658115,0,30,a7,15,ab,f9,1,0c,cd,1,0,10,GOOSE,,,,,,,,,,,,,,,,,,,,,,,,,,,,,,,,,,,,,,,,,,,,,,,,,,,,,,
191,0.909090909,516,1,FALSE,11,18,45,662325,0,30,a7,15,ab,f9,1,0c,cd,1,0,10,GOOSE,,,,,,,,,,,,,,,,,,,,,,,,,,,,,,,,,,,,,,,,,,,,,,,,,,,,,,
192,0.954545455,516,2,FALSE,11,18,45,666407,0,30,a7,15,ab,f9,1,0c,cd,1,0,10,GOOSE,,,,,,,,,,,,,,,,,,,,,,,,,,,,,,,,,,,,,,,,,,,,,,,,,,,,,,
193,0.954545455,516,3,FALSE,11,18,45,674731,0,30,a7,15,ab,f9,1,0c,cd,1,0,10,GOOSE,,,,,,,,,,,,,,,,,,,,,,,,,,,,,,,,,,,,,,,,,,,,,,,,,,,,,,
189,0,15,1272272,FALSE,11,18,45,72119,0,30,a7,38,43,96,1,0c,cd,1,0,12,GOOSE,,,,,,,,,,,,,,,,,,,,,,,,,,,,,,,,,,,,,,,,,,,,,,,,,,,,,,
195,0.954545455,516,4,FALSE,11,18,46,674808,0,30,a7,15,ab,f9,1,0c,cd,1,0,10,GOOSE,,,,,,,,,,,,,,,,,,,,,,,,,,,,,,,,,,,,,,,,,,,,,,,,,,,,,,
194,0,15,1272273,FALSE,11,18,46,76022,0,30,a7,38,43,96,1,0c,cd,1,0,12,GOOSE,,,,,,,,,,,,,,,,,,,,,,,,,,,,,,,,,,,,,,,,,,,,,,,,,,,,,,
,,,,,11,18,47,115064,,,,,,,,,,,,,DNP3,727,0.098901099,0.111111111,0,70,72,1,1,41,0,0,0,0,0,0,0,0,0,0,0,0,0,0,44100,192,168,1,70,20000,192,168,1,72,0,1,0,0,0,1,0,0,0,0,0,0,0,0,0,0,0,0,0,0,0
,,,,,11,18,47,117862,,,,,,,,,,,,,DNP3,729,0.021978022,0.024691358,0,72,70,1,1,12,0,0,0,0,0,0,0,0,0,0,0,0,0,0,20000,192,168,1,72,44100,192,168,1,70,0,1,0,0,0,0,0,0,0,0,0,0,0,0,0,0,0,0,0,1,0
197,0.954545455,516,5,FALSE,11,18,47,675362,0,30,a7,15,ab,f9,1,0c,cd,1,0,10,GOOSE,,,,,,,,,,,,,,,,,,,,,,,,,,,,,,,,,,,,,,,,,,,,,,,,,,,,,,
196,0,15,1272274,FALSE,11,18,47,80045,0,30,a7,38,43,96,1,0c,cd,1,0,12,GOOSE,,,,,,,,,,,,,,,,,,,,,,,,,,,,,,,,,,,,,,,,,,,,,,,,,,,,,,
199,0.954545455,516,6,FALSE,11,18,48,674875,0,30,a7,15,ab,f9,1,0c,cd,1,0,10,GOOSE,,,,,,,,,,,,,,,,,,,,,,,,,,,,,,,,,,,,,,,,,,,,,,,,,,,,,,
198,0,15,1272275,FALSE,11,18,48,84684,0,30,a7,38,43,96,1,0c,cd,1,0,12,GOOSE,,,,,,,,,,,,,,,,,,,,,,,,,,,,,,,,,,,,,,,,,,,,,,,,,,,,,,
,,,,,11,18,49,128058,,,,,,,,,,,,,DNP3,737,0.098901099,0.111111111,0,70,72,1,1,42,0,0,0,0,0,0,0,0,0,0,0,0,0,0,44100,192,168,1,70,20000,192,168,1,72,0,1,0,0,0,1,0,0,0,0,0,0,0,0,0,0,0,0,0,0,0
,,,,,11,18,49,144546,,,,,,,,,,,,,DNP3,739,0.021978022,0.024691358,0,72,70,1,1,13,0,0,0,0,0,0,0,0,0,0,0,0,0,0,20000,192,168,1,72,44100,192,168,1,70,0,1,0,0,0,0,0,0,0,0,0,0,0,0,0,0,0,0,0,1,0
201,0.954545455,516,7,FALSE,11,18,49,678960,0,30,a7,15,ab,f9,1,0c,cd,1,0,10,GOOSE,,,,,,,,,,,,,,,,,,,,,,,,,,,,,,,,,,,,,,,,,,,,,,,,,,,,,,
200,0,15,1272276,FALSE,11,18,49,84007,0,30,a7,38,43,96,1,0c,cd,1,0,12,GOOSE,,,,,,,,,,,,,,,,,,,,,,,,,,,,,,,,,,,,,,,,,,,,,,,,,,,,,,
203,0.954545455,516,8,FALSE,11,18,50,683613,0,30,a7,15,ab,f9,1,0c,cd,1,0,10,GOOSE,,,,,,,,,,,,,,,,,,,,,,,,,,,,,,,,,,,,,,,,,,,,,,,,,,,,,,
202,0,15,1272277,FALSE,11,18,50,88988,0,30,a7,38,43,96,1,0c,cd,1,0,12,GOOSE,,,,,,,,,,,,,,,,,,,,,,,,,,,,,,,,,,,,,,,,,,,,,,,,,,,,,,
,,,,,11,18,51,141035,,,,,,,,,,,,,DNP3,747,0.098901099,0.111111111,0,70,72,1,1,43,0,0,0,0,0,0,0,0,0,0,0,0,0,0,44100,192,168,1,70,20000,192,168,1,72,0,1,0,0,0,1,0,0,0,0,0,0,0,0,0,0,0,0,0,0,0
,,,,,11,18,51,144388,,,,,,,,,,,,,DNP3,749,0.021978022,0.024691358,0,72,70,1,1,14,0,0,0,0,0,0,0,0,0,0,0,0,0,0,20000,192,168,1,72,44100,192,168,1,70,0,1,0,0,0,0,0,0,0,0,0,0,0,0,0,0,0,0,0,1,0
205,0.954545455,516,9,FALSE,11,18,51,687233,0,30,a7,15,ab,f9,1,0c,cd,1,0,10,GOOSE,,,,,,,,,,,,,,,,,,,,,,,,,,,,,,,,,,,,,,,,,,,,,,,,,,,,,,
204,0,15,1272278,FALSE,11,18,51,92231,0,30,a7,38,43,96,1,0c,cd,1,0,12,GOOSE,,,,,,,,,,,,,,,,,,,,,,,,,,,,,,,,,,,,,,,,,,,,,,,,,,,,,,
207,0.954545455,516,10,FALSE,11,18,52,691646,0,30,a7,15,ab,f9,1,0c,cd,1,0,10,GOOSE,,,,,,,,,,,,,,,,,,,,,,,,,,,,,,,,,,,,,,,,,,,,,,,,,,,,,,
206,0,15,1272279,FALSE,11,18,52,96369,0,30,a7,38,43,96,1,0c,cd,1,0,12,GOOSE,,,,,,,,,,,,,,,,,,,,,,,,,,,,,,,,,,,,,,,,,,,,,,,,,,,,,,
208,0,15,1272280,FALSE,11,18,53,100477,0,30,a7,38,43,96,1,0c,cd,1,0,12,GOOSE,,,,,,,,,,,,,,,,,,,,,,,,,,,,,,,,,,,,,,,,,,,,,,,,,,,,,,
,,,,,11,18,53,154229,,,,,,,,,,,,,DNP3,757,0.098901099,0.111111111,0,70,72,1,1,44,0,0,0,0,0,0,0,0,0,0,0,0,0,0,44100,192,168,1,70,20000,192,168,1,72,0,1,0,0,0,1,0,0,0,0,0,0,0,0,0,0,0,0,0,0,0
,,,,,11,18,53,157308,,,,,,,,,,,,,DNP3,759,0.021978022,0.024691358,0,72,70,1,1,15,0,0,0,0,0,0,0,0,0,0,0,0,0,0,20000,192,168,1,72,44100,192,168,1,70,0,1,0,0,0,0,0,0,0,0,0,0,0,0,0,0,0,0,0,1,0
209,0.954545455,516,11,FALSE,11,18,53,695466,0,30,a7,15,ab,f9,1,0c,cd,1,0,10,GOOSE,,,,,,,,,,,,,,,,,,,,,,,,,,,,,,,,,,,,,,,,,,,,,,,,,,,,,,
210,0,15,1272281,FALSE,11,18,54,104602,0,30,a7,38,43,96,1,0c,cd,1,0,12,GOOSE,,,,,,,,,,,,,,,,,,,,,,,,,,,,,,,,,,,,,,,,,,,,,,,,,,,,,,
211,0.954545455,516,12,FALSE,11,18,54,699823,0,30,a7,15,ab,f9,1,0c,cd,1,0,10,GOOSE,,,,,,,,,,,,,,,,,,,,,,,,,,,,,,,,,,,,,,,,,,,,,,,,,,,,,,
212,0,15,1272282,FALSE,11,18,55,109027,0,30,a7,38,43,96,1,0c,cd,1,0,12,GOOSE,,,,,,,,,,,,,,,,,,,,,,,,,,,,,,,,,,,,,,,,,,,,,,,,,,,,,,
,,,,,11,18,55,166984,,,,,,,,,,,,,DNP3,767,0.098901099,0.111111111,0,70,72,1,1,45,0,0,0,0,0,0,0,0,0,0,0,0,0,0,44100,192,168,1,70,20000,192,168,1,72,0,1,0,0,0,1,0,0,0,0,0,0,0,0,0,0,0,0,0,0,0
,,,,,11,18,55,170075,,,,,,,,,,,,,DNP3,769,0.021978022,0.024691358,0,72,70,1,1,16,0,0,0,0,0,0,0,0,0,0,0,0,0,0,20000,192,168,1,72,44100,192,168,1,70,0,1,0,0,0,0,0,0,0,0,0,0,0,0,0,0,0,0,0,1,0
213,0.954545455,516,13,FALSE,11,18,55,704048,0,30,a7,15,ab,f9,1,0c,cd,1,0,10,GOOSE,,,,,,,,,,,,,,,,,,,,,,,,,,,,,,,,,,,,,,,,,,,,,,,,,,,,,,
214,0,15,1272283,FALSE,11,18,56,112766,0,30,a7,38,43,96,1,0c,cd,1,0,12,GOOSE,,,,,,,,,,,,,,,,,,,,,,,,,,,,,,,,,,,,,,,,,,,,,,,,,,,,,,
215,0.954545455,516,14,FALSE,11,18,56,704010,0,30,a7,15,ab,f9,1,0c,cd,1,0,10,GOOSE,,,,,,,,,,,,,,,,,,,,,,,,,,,,,,,,,,,,,,,,,,,,,,,,,,,,,,
216,0,15,1272284,FALSE,11,18,57,112664,0,30,a7,38,43,96,1,0c,cd,1,0,12,GOOSE,,,,,,,,,,,,,,,,,,,,,,,,,,,,,,,,,,,,,,,,,,,,,,,,,,,,,,
,,,,,11,18,57,180092,,,,,,,,,,,,,DNP3,777,0.098901099,0.111111111,0,70,72,1,1,46,0,0,0,0,0,0,0,0,0,0,0,0,0,0,44100,192,168,1,70,20000,192,168,1,72,0,1,0,0,0,1,0,0,0,0,0,0,0,0,0,0,0,0,0,0,0
,,,,,11,18,57,183537,,,,,,,,,,,,,DNP3,779,0.021978022,0.024691358,0,72,70,1,1,17,0,0,0,0,0,0,0,0,0,0,0,0,0,0,20000,192,168,1,72,44100,192,168,1,70,0,1,0,0,0,0,0,0,0,0,0,0,0,0,0,0,0,0,0,1,0
217,0.954545455,516,15,FALSE,11,18,57,707820,0,30,a7,15,ab,f9,1,0c,cd,1,0,10,GOOSE,,,,,,,,,,,,,,,,,,,,,,,,,,,,,,,,,,,,,,,,,,,,,,,,,,,,,,
218,0,15,1272285,FALSE,11,18,58,116761,0,30,a7,38,43,96,1,0c,cd,1,0,12,GOOSE,,,,,,,,,,,,,,,,,,,,,,,,,,,,,,,,,,,,,,,,,,,,,,,,,,,,,,
219,0.954545455,516,16,FALSE,11,18,58,711833,0,30,a7,15,ab,f9,1,0c,cd,1,0,10,GOOSE,,,,,,,,,,,,,,,,,,,,,,,,,,,,,,,,,,,,,,,,,,,,,,,,,,,,,,
220,0,15,1272286,FALSE,11,18,59,120908,0,30,a7,38,43,96,1,0c,cd,1,0,12,GOOSE,,,,,,,,,,,,,,,,,,,,,,,,,,,,,,,,,,,,,,,,,,,,,,,,,,,,,,
,,,,,11,18,59,193073,,,,,,,,,,,,,DNP3,787,0.098901099,0.111111111,0,70,72,1,1,47,0,0,0,0,0,0,0,0,0,0,0,0,0,0,44100,192,168,1,70,20000,192,168,1,72,0,1,0,0,0,1,0,0,0,0,0,0,0,0,0,0,0,0,0,0,0
,,,,,11,18,59,196348,,,,,,,,,,,,,DNP3,789,0.021978022,0.024691358,0,72,70,1,1,18,0,0,0,0,0,0,0,0,0,0,0,0,0,0,20000,192,168,1,72,44100,192,168,1,70,0,1,0,0,0,0,0,0,0,0,0,0,0,0,0,0,0,0,0,1,0
221,0.954545455,516,17,FALSE,11,18,59,716185,0,30,a7,15,ab,f9,1,0c,cd,1,0,10,GOOSE,,,,,,,,,,,,,,,,,,,,,,,,,,,,,,,,,,,,,,,,,,,,,,,,,,,,,,